shot_type,shot_zone,bowler_type,fielder_position,match_situation,score
drive,leg,spin,backward,0.11617165757913472,72.38711769539658
pullshot,straight,spin,backward,0.5077015102487853,76.10577295026502
sweep,off,fast,forward,0.9676184523168487,51.67753784762428
pullshot,leg,spin,forward,0.03786056340956412,93.55970163689099
sweep,off,spin,backward,0.5330867618979687,91.7083648841307
pullshot,straight,fast,backward,0.5746929791526633,39.723661179023196
pullshot,straight,spin,deep,0.7483610819779227,45.90597691249878
pullshot,leg,medium,backward,0.7911709992576854,64.56455390265491
legglance-flick,off,spin,backward,0.20174717830871058,42.13074179167459
pullshot,leg,fast,forward,0.3765692762522094,32.89569877795914
pullshot,leg,fast,deep,0.3401858698482695,13.42448231807144
drive,off,fast,forward,0.4238309346219994,84.70981300553416
pullshot,straight,fast,backward,0.6986196117094884,12.874320483864011
legglance-flick,off,fast,forward,0.8677565466499376,30.43679047590753
drive,leg,spin,deep,0.3022485575053834,31.23612668619171
pullshot,straight,medium,deep,0.24872040124296502,28.879252762095263
pullshot,straight,medium,backward,0.23458226378532576,77.59180261648342
legglance-flick,off,medium,backward,0.4525356458668818,84.95274279435517
sweep,leg,fast,backward,0.4334149849008311,57.73502820755064
drive,off,medium,forward,0.6278171088626189,72.49675332806088
legglance-flick,off,medium,forward,0.044733143937719655,73.38078784345716
drive,off,fast,deep,0.9211645498250229,6.6891943640581815
pullshot,off,medium,deep,0.8403640182969444,85.59759406495398
drive,leg,fast,deep,0.5946999464032302,20.19403477541316
legglance-flick,leg,spin,deep,0.7799216761868002,95.45371536248594
drive,straight,spin,deep,0.6256126086136734,16.26799259372318
legglance-flick,straight,spin,backward,0.7314710656132157,36.301276166114924
legglance-flick,leg,medium,forward,0.8805793338402161,56.279380602929216
legglance-flick,straight,fast,deep,0.03504850051748398,66.4566862437486
pullshot,off,fast,deep,0.7255910477620081,20.009853892697237
pullshot,off,spin,backward,0.20287132150367504,23.042484722728986
legglance-flick,straight,fast,backward,0.7817729578680624,94.70179973788107
pullshot,straight,spin,deep,0.6348051945451776,55.20299486376715
legglance-flick,off,spin,backward,0.24953532944228296,29.328209070633783
pullshot,leg,fast,backward,0.031187570516169938,55.7492659698581
pullshot,leg,fast,backward,0.11091548302845211,81.21886328432325
sweep,leg,fast,deep,0.29845952554321953,23.36195023176584
legglance-flick,straight,spin,backward,0.24547047874547057,65.86621811156414
drive,off,spin,forward,0.1445351931776635,99.45635993646896
sweep,off,medium,deep,0.5131114667945587,36.77326588871078
legglance-flick,off,fast,deep,0.9677325204488164,98.53156356458659
drive,straight,medium,forward,0.2645815631591669,79.77391795606506
sweep,leg,spin,deep,0.12140179795965478,86.53313081827208
legglance-flick,off,fast,forward,0.21811751301096916,36.160604472783774
pullshot,straight,fast,forward,0.06909146502399088,11.678456960198869
pullshot,off,medium,backward,0.15466433870992136,73.13512999535509
sweep,off,fast,backward,0.8929990002862626,37.909683672263895
drive,straight,spin,backward,0.2573141361491502,67.82079192534212
pullshot,off,spin,backward,0.6153413143371642,32.87477444668079
pullshot,leg,medium,deep,0.0643543844830432,89.2447689111272
pullshot,straight,spin,forward,0.9933835826989861,67.23780466336889
pullshot,leg,fast,backward,0.5596249043548401,21.476508699590504
sweep,off,spin,forward,0.7975017609756642,54.44645202131444
pullshot,straight,spin,forward,0.6967301280535808,59.04384127513389
legglance-flick,straight,medium,forward,0.8659053046113112,36.00425334278561
legglance-flick,leg,spin,forward,0.4763200523397577,30.929483171304074
legglance-flick,off,spin,deep,0.5349839153631921,27.220828653261364
pullshot,off,fast,forward,0.14053298668556136,79.5540525683034
pullshot,straight,medium,backward,0.203242965631516,10.964930310218445
sweep,off,medium,backward,0.9238583862129487,41.820045137317244
drive,leg,fast,backward,0.6144277947249294,98.05209885082658
legglance-flick,straight,fast,deep,0.7740556411154177,61.827293053472474
legglance-flick,off,fast,forward,0.10455594112459787,49.96507822442049
legglance-flick,off,medium,backward,0.07868825589495776,64.13612718318329
legglance-flick,straight,spin,deep,0.5231600717437274,95.07657195139991
drive,leg,fast,deep,0.7448262527192454,76.77724555532117
drive,straight,spin,deep,0.897130670734296,0.060048483570218636
legglance-flick,straight,fast,backward,0.4095775576992563,99.25170859675104
drive,off,spin,forward,0.07653786828927933,1.2339676317060788
drive,leg,medium,backward,0.887267505393163,98.68534508831065
sweep,off,fast,backward,0.06636675945243808,7.2471529559857695
sweep,straight,spin,backward,0.08602316139189659,9.01898855420531
sweep,off,medium,backward,0.5740255434578903,62.50347005770145
sweep,off,fast,backward,0.7290045029928157,98.09473573034384
drive,straight,medium,backward,0.560688112325065,43.147889822475726
pullshot,straight,fast,deep,0.8397478386354826,74.06544134272409
drive,leg,medium,backward,0.6903003588012581,72.46159928298427
pullshot,off,spin,deep,0.4492964864261424,41.08515013101095
sweep,straight,spin,backward,0.8684719421034282,93.63917115929213
drive,off,medium,backward,0.794755806815023,14.625784692817422
legglance-flick,straight,spin,backward,0.8669501171792602,42.31931257850632
drive,off,medium,forward,0.13612273652548657,47.612766131856766
sweep,straight,spin,deep,0.581059860801829,38.723447098258475
pullshot,straight,medium,backward,0.5772215688182555,15.805455576225624
pullshot,off,fast,forward,0.4573788408210868,35.1779101493524
legglance-flick,off,spin,deep,0.9355624865191013,16.278038007516017
legglance-flick,leg,fast,forward,0.9696061586541581,45.13798950124968
legglance-flick,straight,fast,forward,0.7314376319066783,87.27892268696445
legglance-flick,straight,medium,forward,0.7151823892316734,5.474687840783954
drive,straight,medium,deep,0.9892836176059554,76.6447522512593
pullshot,straight,medium,forward,0.983438135982138,10.25994455148027
legglance-flick,straight,medium,forward,0.3718239487794709,25.411788602172138
legglance-flick,off,spin,forward,0.9666658743514085,28.10276061650815
pullshot,off,fast,forward,0.019037742761556564,91.88037437762388
drive,straight,spin,deep,0.6740578527676262,53.61141977112014
drive,leg,fast,forward,0.22998367529725794,21.105198983709627
pullshot,leg,fast,backward,0.6216187318371933,77.28008770119547
sweep,leg,spin,forward,0.9020350760731436,5.880669740467315
pullshot,off,spin,forward,0.8336875123215979,0.43201964877918053
sweep,off,spin,backward,0.5908370963874042,37.41804608757722
drive,leg,fast,backward,0.9426505565642572,30.23934545754682
drive,straight,medium,forward,0.7012428351713822,98.47326353835292
pullshot,straight,fast,forward,0.9701852720726092,26.23796139661554
sweep,off,medium,forward,0.6330076641826841,67.98972485913673
pullshot,leg,spin,forward,0.2856575233662161,4.953667470479917
sweep,off,fast,forward,0.436944333986946,57.714246678591095
drive,off,medium,deep,0.1936605362509004,88.5113154621052
pullshot,leg,spin,forward,0.4950061164954783,85.93720980357794
sweep,off,spin,backward,0.006057232880168684,31.835857208168903
legglance-flick,straight,spin,backward,0.6544539042269667,45.83970148924376
sweep,off,fast,deep,0.5211450680708147,20.170034443036013
sweep,off,fast,backward,0.7981035780678088,12.060819225605657
drive,off,spin,deep,0.63071824580101,53.54857459032032
drive,leg,spin,forward,0.785640657089193,46.173498292465474
drive,straight,medium,forward,0.10657321006696918,16.222407993952913
drive,leg,medium,backward,0.9576250419848797,17.978604990479297
legglance-flick,leg,fast,deep,0.5531096906285233,30.099655698460904
sweep,off,spin,backward,0.024518750645789344,93.60740113270089
legglance-flick,off,spin,forward,0.6254682259647252,31.127385209773205
drive,off,fast,deep,0.541765350888032,82.46990062702018
pullshot,straight,spin,deep,0.26513015438602117,46.1795551984513
drive,straight,spin,backward,0.48840476199083704,76.82814910264982
pullshot,off,spin,forward,0.7393223442273169,29.637128109105216
pullshot,straight,spin,deep,0.5149252899613672,8.1410998658213
legglance-flick,off,spin,forward,0.5729730679875523,28.045853689284115
pullshot,leg,fast,forward,0.8797699732526885,97.63760857387196
legglance-flick,off,medium,forward,0.21446020014704537,61.03946475571417
drive,off,spin,forward,0.4982034957219904,45.79292643525715
sweep,leg,spin,deep,0.48370820021702066,82.98550474674703
sweep,off,fast,deep,0.8231600436153407,2.784256368873561
sweep,straight,fast,forward,0.32596710502457216,64.27078877499144
pullshot,straight,medium,deep,0.10037030479734466,71.15605551340742
drive,off,spin,backward,0.6075509984025406,7.829230399046317
pullshot,straight,fast,deep,0.9786909563888314,34.208500409440965
sweep,off,spin,backward,0.40577428503549184,39.55384409431198
sweep,leg,medium,deep,0.07120826933462998,64.24021311947926
pullshot,leg,fast,forward,0.867430360464396,70.21746108396637
drive,straight,medium,deep,0.038897266760346993,40.007597237713235
pullshot,leg,spin,deep,0.5543856275136211,93.69364032374693
legglance-flick,off,medium,deep,0.47162537519537706,95.59901726636718
drive,leg,medium,forward,0.047758834916243664,94.93923445822452
sweep,straight,medium,forward,0.9180245227693192,65.62521229554812
drive,leg,fast,backward,0.02654825365897895,48.93154574120341
drive,straight,medium,forward,0.3235344619229935,49.43718736545879
drive,leg,medium,backward,0.5086521568756454,31.606348258915883
sweep,off,fast,backward,0.863691601504864,59.03948379802176
pullshot,leg,medium,forward,0.9274548648797709,23.06670288892597
drive,leg,medium,deep,0.1207796719537284,76.56003898644292
drive,leg,fast,deep,0.1070280456850331,35.5910302807853
sweep,leg,medium,forward,0.8581995183971776,72.2717165936949
sweep,off,fast,forward,0.25475712792713634,67.27041749719012
legglance-flick,off,fast,deep,0.2959827960348761,39.61514250884876
pullshot,leg,fast,forward,0.04491544807544012,92.25114330027094
pullshot,off,medium,deep,0.800286781784314,78.19910268111238
pullshot,off,fast,forward,0.6802133120189692,6.412551079155914
legglance-flick,off,fast,backward,0.4897764056148849,36.366790967452054
pullshot,straight,fast,backward,0.8085416929541174,94.07025659576122
legglance-flick,off,spin,backward,0.2297330391293545,82.40944130825694
drive,leg,medium,backward,0.5252266795522643,33.1560155368645
pullshot,straight,fast,forward,0.7925928885767046,57.36271420793262
pullshot,straight,spin,backward,0.7606275237007897,84.20993281706856
pullshot,leg,spin,backward,0.49059909301752747,17.374408115813523
sweep,straight,medium,deep,0.4862969147378018,37.5442112071581
sweep,straight,fast,backward,0.6661585907517629,98.54514078194525
drive,leg,fast,forward,0.865547626013369,5.829281709074885
pullshot,off,spin,deep,0.3668977270264341,60.61978271306037
pullshot,leg,medium,deep,0.6920363216933417,47.10089382609299
sweep,straight,spin,deep,0.5292378967331838,14.074629268186357
legglance-flick,off,medium,forward,0.8132564939605211,77.9661639583488
drive,off,spin,forward,0.03690971265519416,95.57370968627457
legglance-flick,leg,medium,deep,0.35784439433423265,36.079180333422535
drive,off,medium,backward,0.8514795499686182,50.12174350053682
pullshot,off,medium,deep,0.14715034514520398,12.264675216108945
drive,straight,medium,forward,0.9745883920624884,98.26417935183702
legglance-flick,off,fast,backward,0.6644213726655626,47.311896123913236
sweep,straight,spin,forward,0.10956304480227919,93.32345350258092
pullshot,straight,fast,backward,0.9933468082464425,34.0682352618832
pullshot,leg,fast,deep,0.5268240743664337,65.87898588704888
pullshot,leg,spin,forward,0.24324173738425603,91.15710946740369
sweep,leg,spin,backward,0.8879262894895895,57.24625827485057
pullshot,leg,spin,deep,0.6649391505918159,54.585306180045855
legglance-flick,leg,medium,backward,0.6361779663682823,71.80961648775133
sweep,leg,medium,backward,0.8579371413087213,59.362181732512354
sweep,leg,medium,deep,0.24767035372168833,42.40581208987149
legglance-flick,straight,fast,deep,0.42497009795553486,16.493589075975514
drive,leg,spin,deep,0.471094160750548,9.466953914968723
pullshot,leg,spin,deep,0.21545952826883175,44.19471336035912
pullshot,off,spin,backward,0.7016251316898608,35.09531843372105
drive,off,medium,deep,0.5632847955994629,92.66054416552504
legglance-flick,leg,medium,forward,0.2714012006695309,9.029637343767071
sweep,straight,fast,backward,0.8986181078407802,44.619075919188276
drive,leg,fast,backward,0.2642009743352721,73.43970241987707
drive,leg,fast,backward,0.8011105162040366,94.35189657713188
sweep,off,medium,deep,0.8057523767241983,19.312792399701916
pullshot,straight,spin,forward,0.20394549886403357,17.647997938219174
sweep,leg,spin,backward,0.4294295003073363,64.7604662459614
drive,off,medium,backward,0.006354608917353732,17.595946117617423
legglance-flick,off,spin,backward,0.5855994736571943,50.627409731888726
legglance-flick,leg,fast,backward,0.5108075873118854,51.90057501170816
legglance-flick,off,medium,backward,0.5074801982596704,38.336574467507376
drive,leg,medium,deep,0.6032616658302594,25.59415918519775
drive,leg,spin,deep,0.589438562643828,74.40867466078328
pullshot,leg,medium,backward,0.8603922441460088,95.99065093693116
sweep,straight,fast,deep,0.9257148709584971,13.57909145275924
sweep,off,fast,forward,0.23087977522328473,6.598521544716062
drive,leg,fast,deep,0.9109164898849309,7.32152367339175
legglance-flick,leg,fast,deep,0.6615897537511467,60.852423388658984
pullshot,leg,fast,backward,0.19129310350719964,73.21685322948649
drive,leg,spin,forward,0.6959062308686811,53.16889487760956
legglance-flick,straight,fast,forward,0.6600856429794759,13.817332393466142
sweep,off,medium,forward,0.5088924099417094,32.3279019501057
legglance-flick,straight,spin,backward,0.41903440501528055,59.22912263234225
sweep,off,spin,deep,0.4766907702373694,24.04584313335635
pullshot,straight,spin,deep,0.639657128518794,80.32443269676317
sweep,leg,spin,forward,0.9398080073941854,86.4593532548879
sweep,straight,spin,forward,0.8919001518263231,0.15699781248208478
drive,straight,medium,forward,0.9475145433773536,54.357721732965125
sweep,off,spin,forward,0.987282879535486,47.43665949019211
drive,straight,spin,forward,0.867339198118171,72.12929204897958
sweep,off,medium,deep,0.005114225344975409,30.47672995306031
drive,leg,medium,forward,0.48973556864189804,1.4310563118077435
legglance-flick,straight,spin,deep,0.668078698697732,97.89294479969902
sweep,leg,spin,forward,0.17810039750564255,4.131148137281581
drive,straight,spin,forward,0.4460426916144097,96.77725411731393
drive,off,medium,deep,0.15932590170206284,93.74984364150536
legglance-flick,off,fast,forward,0.05792389629968775,91.6367093438798
drive,off,spin,deep,0.3267650154522056,28.29057555929665
pullshot,straight,fast,deep,0.505178829344954,24.103541898393445
legglance-flick,leg,medium,deep,0.3805106758705864,65.47596482975219
sweep,leg,medium,deep,0.6589172351232331,46.25129585420004
pullshot,straight,medium,forward,0.23889755500059795,48.12918305447336
legglance-flick,straight,spin,forward,0.9057532250069529,26.790054545256258
pullshot,straight,spin,backward,0.6448069044254534,57.76682384311732
legglance-flick,leg,medium,backward,0.0850852357549019,84.79452076327426
sweep,straight,medium,forward,0.29463989552938863,19.106822685910284
sweep,leg,fast,forward,0.7155495849187832,48.57110592811057
drive,leg,fast,deep,0.15230706222501456,52.80442461209298
legglance-flick,off,spin,forward,0.8815863071742227,25.752796456519423
legglance-flick,leg,medium,forward,0.7281442917744675,23.212166834157667
pullshot,off,spin,backward,0.8206345732564483,25.162522660639887
legglance-flick,straight,spin,deep,0.5444626035962286,25.96871288706376
drive,straight,spin,deep,0.8963567864089722,65.54034681104656
legglance-flick,off,medium,backward,0.15491400907663955,15.861982806104491
drive,leg,spin,deep,0.9664692083314731,95.50079404032009
drive,straight,medium,forward,0.554101441147498,98.60161261737255
sweep,straight,fast,forward,0.7921346769678159,82.55697392545416
sweep,off,fast,deep,0.5764982553343533,12.25738457056571
legglance-flick,off,fast,deep,0.8699739863801161,55.74485804368907
drive,leg,fast,deep,0.5955966795373292,91.06823886535702
drive,straight,medium,deep,0.7723115291985633,21.735632121651182
legglance-flick,leg,spin,forward,0.18513491489633704,46.33094909502441
drive,off,medium,forward,0.9148913049736964,64.07068994139736
drive,straight,medium,backward,0.9423826387408514,76.20223317964442
drive,off,medium,deep,0.6180064298024759,56.13765925710399
legglance-flick,straight,medium,forward,0.042907888563321395,82.56805555746894
legglance-flick,straight,fast,backward,0.08520916243161636,50.02706340766297
pullshot,straight,medium,forward,0.5086080571150173,82.17229113831642
drive,off,fast,deep,0.5634625107701203,82.95711586236706
pullshot,off,medium,deep,0.12037317874633946,79.66466929607752
pullshot,leg,medium,forward,0.30919471398174203,13.159723756759679
legglance-flick,off,medium,forward,0.4619240022203023,91.08246783475622
pullshot,straight,medium,forward,0.8116706790498126,67.27039842683557
drive,leg,medium,forward,0.478622645513754,66.65207597265224
pullshot,straight,fast,forward,0.8697579573807752,20.085299792852773
drive,off,spin,backward,0.17716981403923682,23.111671680392632
drive,off,spin,backward,0.7852278351390388,37.820453576202
sweep,straight,medium,forward,0.9248670227253153,52.2658418446426
drive,off,fast,forward,0.5151093331662792,0.8007002734624513
drive,off,spin,deep,0.49623487454593873,17.82496450654906
sweep,leg,spin,backward,0.9994511121080113,51.677649384478904
pullshot,straight,fast,forward,0.10782391138900693,51.53612805424831
pullshot,leg,fast,backward,0.6951036090595095,3.967123694830188
legglance-flick,off,fast,backward,0.46632297900314623,60.20389569531485
pullshot,straight,spin,backward,0.9518333556114794,64.44670659457293
pullshot,leg,fast,deep,0.575300376792514,62.164712895884975
pullshot,off,medium,deep,0.015264218854253775,18.689036704930228
sweep,straight,fast,backward,0.9063458664465178,71.6450353383019
legglance-flick,off,fast,backward,0.7935142476574363,2.351489271540619
sweep,straight,spin,forward,0.7547784031758995,79.84691094780241
drive,off,spin,deep,0.5307439612954762,37.586021645289435
sweep,straight,spin,deep,0.4758882613438109,3.6869531727001137
legglance-flick,leg,medium,backward,0.980479310162723,42.045227685026035
pullshot,straight,fast,backward,0.185036012579877,46.039219398698464
sweep,leg,spin,forward,0.5963853354926354,18.832103392189993
drive,leg,medium,backward,0.6737366585714272,82.46360254860082
sweep,leg,fast,backward,0.7480666274994817,48.34227480643204
sweep,straight,spin,forward,0.8494441103470083,19.037595610037705
drive,leg,fast,forward,0.6386714779626448,70.91033105239298
sweep,straight,fast,deep,0.04019758992439537,92.02216299005951
pullshot,leg,spin,backward,0.48608068065252263,94.7378525477202
drive,straight,medium,forward,0.5384451827640028,99.70142521278278
drive,leg,spin,forward,0.9738515209160433,16.68817732283252
legglance-flick,off,fast,forward,0.6533542743014276,10.408589535585143
sweep,straight,fast,forward,0.28132805046879383,65.76887006588625
pullshot,straight,spin,deep,0.07671825527181919,48.14774867287217
pullshot,leg,medium,backward,0.580828504711944,59.20483462331752
sweep,straight,spin,backward,0.32491461868693117,9.034067806507306
pullshot,leg,medium,forward,0.8267276005912868,82.15683594895498
pullshot,leg,spin,deep,0.2508997743285394,50.96556747045834
sweep,leg,spin,deep,0.3467077165458098,67.89861976476337
drive,straight,fast,deep,0.8463738500109345,60.036572972153444
legglance-flick,off,fast,forward,0.23887336032965012,4.724552819404404
drive,off,fast,deep,0.5497636461093397,34.82324776907092
legglance-flick,off,medium,deep,0.9872428206608367,27.15064255934334
pullshot,straight,spin,forward,0.3616655480761345,34.14824574145106
pullshot,leg,spin,forward,0.17249441790829256,49.51662202302124
drive,leg,fast,deep,0.9041044704199788,85.19079728981784
legglance-flick,straight,medium,deep,0.23365539384709944,33.44093848084185
pullshot,off,medium,forward,0.5382445931938137,42.49663257792855
pullshot,off,spin,forward,0.8149273103457807,82.71128191288653
legglance-flick,off,medium,backward,0.5280100587826316,52.608845223298516
legglance-flick,off,fast,backward,0.4916652692396045,94.76426796277431
drive,straight,spin,backward,0.8851292524197707,51.240448187448706
legglance-flick,off,spin,deep,0.3392682007815353,49.69165101435969
pullshot,off,medium,forward,0.9067206927955314,56.5885851412934
drive,straight,medium,forward,0.6447279954019379,91.86646404908693
sweep,off,fast,forward,0.7674716389046695,37.66506966048214
sweep,leg,spin,backward,0.30528092022615627,29.71591442715895
drive,leg,fast,deep,0.1082138579995443,78.32224259889469
pullshot,leg,medium,backward,0.7028562675780532,99.08188692184198
sweep,straight,spin,forward,0.7829288646062048,15.381335538363006
legglance-flick,straight,spin,forward,0.942077253178588,15.298601332470552
legglance-flick,straight,medium,backward,0.015689050930694615,25.20378300997308
drive,off,spin,forward,0.7496646273903392,10.79179242948336
legglance-flick,straight,spin,deep,0.21582090404136256,10.538054460133218
drive,off,fast,forward,0.27113730124940894,64.05590366298892
sweep,straight,spin,deep,0.5254414113487318,10.953440407565186
pullshot,off,spin,forward,0.6653608301758411,8.83068689228682
pullshot,straight,medium,forward,0.6177369022209986,41.78752801023777
pullshot,straight,fast,deep,0.43911013040144264,25.746964709558718
drive,leg,medium,deep,0.571464503993603,68.1290650805081
legglance-flick,off,medium,deep,0.3945951035216283,43.850911710929374
legglance-flick,straight,medium,deep,0.13487388901834918,31.074631086821103
sweep,off,fast,deep,0.6546393174512092,54.3759596385614
legglance-flick,straight,medium,backward,0.7323486240406428,72.5590855426474
pullshot,leg,fast,forward,0.1232484939847216,88.177537072779
pullshot,off,medium,deep,0.3342127742458302,52.54323350024585
sweep,leg,fast,deep,0.7678222651150612,97.69701184495709
sweep,off,medium,backward,0.1263758361316808,25.616364381894773
pullshot,straight,spin,backward,0.975029761023076,32.96389639042009
pullshot,straight,medium,backward,0.4238737712768965,30.358869620346695
legglance-flick,straight,medium,forward,0.36750734676010477,85.43843172314966
pullshot,straight,fast,deep,0.05931483873283072,94.10075338421684
drive,leg,spin,forward,0.43271775126959433,27.483919006126534
pullshot,leg,fast,backward,0.9053577379829185,7.652100217076619
legglance-flick,leg,spin,backward,0.7785034937962725,48.40098477091267
drive,off,fast,backward,0.8597899916986548,55.271226696429
sweep,straight,spin,backward,0.3005542597106131,76.36747789096269
sweep,leg,spin,forward,0.37872124070795044,54.887113967660675
sweep,straight,fast,forward,0.2448727842759455,75.86989791618618
legglance-flick,off,fast,deep,0.3716922275936436,78.6088660824719
drive,straight,fast,forward,0.0878663147239136,42.321842597352614
drive,off,fast,deep,0.8018024737244103,23.712873912257137
drive,straight,fast,forward,0.19617164375013396,6.734035380372938
pullshot,straight,spin,backward,0.9187398001545221,41.808944863307985
pullshot,off,fast,deep,0.17968647232124857,15.949071148455685
pullshot,off,medium,deep,0.3149237180405886,31.84088953005031
sweep,leg,medium,deep,0.3650165624794959,12.105588865478412
pullshot,off,fast,backward,0.6618544130365934,33.8569779311786
sweep,leg,medium,forward,0.33518747342523236,29.5068504410237
pullshot,leg,fast,forward,0.6405438639991605,97.61967117170612
legglance-flick,leg,spin,deep,0.03825072006835861,92.56083395219632
legglance-flick,off,medium,deep,0.06345663970164583,8.18425547924322
pullshot,straight,fast,deep,0.43069558434683564,38.71907861994639
pullshot,off,medium,deep,0.2408679311033971,47.89481799341344
drive,off,spin,deep,0.08892273780967785,37.65041425876656
sweep,leg,fast,deep,0.9206816270099639,58.69846016080456
legglance-flick,straight,fast,deep,0.2281168430404762,23.86919155825984
sweep,off,medium,forward,0.25510798520987643,70.19680868504437
sweep,off,medium,deep,0.2852243441154486,77.52770987200847
sweep,straight,spin,deep,0.20883550050693434,99.75537962755374
legglance-flick,off,spin,deep,0.07413988557741524,75.89040286555176
pullshot,straight,spin,deep,0.4247485275784282,26.030580057862128
pullshot,off,spin,deep,0.1672420803537339,83.14279951385149
sweep,leg,spin,deep,0.6053296610610652,14.183443880801372
legglance-flick,leg,medium,deep,0.8050694630312802,73.82253990176667
legglance-flick,off,medium,deep,0.11279833861002675,0.42495057146640924
pullshot,straight,spin,forward,0.0029097736762022652,67.48178853869169
pullshot,straight,fast,backward,0.34935152628401656,88.44215595795953
drive,leg,fast,backward,0.8266905378575313,82.68618061262055
pullshot,leg,spin,forward,0.46394628526951875,51.63320364402881
legglance-flick,straight,medium,forward,0.842688903075299,72.97010186726665
pullshot,off,medium,forward,0.5621366341466981,63.60601694965601
sweep,straight,medium,deep,0.41913738776132836,11.08416488239994
sweep,leg,medium,deep,0.8616535343914553,28.5089435823508
pullshot,leg,fast,forward,0.23254916784720803,75.3190864940139
pullshot,straight,spin,backward,0.9685721728866525,85.12888829466932
pullshot,off,medium,backward,0.3495682509907517,0.6567304065615898
legglance-flick,straight,fast,deep,0.3259614112986976,43.34366263481695
drive,leg,medium,backward,0.5752275345808397,56.439102020582034
legglance-flick,straight,fast,forward,0.15081776088754095,90.42835346293452
sweep,straight,medium,deep,0.1921722263283906,7.834918754175546
pullshot,off,fast,deep,0.8933758620556134,91.97511765708425
pullshot,straight,spin,deep,0.8972669384094621,77.76894725192378
drive,leg,medium,backward,0.553736770278993,6.087766949432217
drive,leg,medium,forward,0.5749135132552312,55.85750069116083
drive,off,medium,backward,0.2678427623279045,52.35843065620206
drive,off,spin,forward,0.40945260035716624,90.32196350118772
sweep,leg,medium,backward,0.5634385422278205,24.40994969229715
legglance-flick,leg,spin,backward,0.48800528398406906,65.4986429097906
drive,straight,spin,forward,0.2949709081901445,52.98708387065354
drive,straight,spin,forward,0.9024575349766759,75.94813751052018
drive,straight,spin,forward,0.47372645516663703,92.46006491052808
drive,leg,medium,deep,0.3686068320342011,3.8510491340421393
legglance-flick,straight,medium,backward,0.9150125672161364,12.032023600851726
legglance-flick,leg,spin,deep,0.14219084338236387,80.09732718725421
pullshot,straight,fast,forward,0.1157125927967011,70.06433019896444
pullshot,off,medium,backward,0.1442185334896845,77.11368020332837
legglance-flick,leg,spin,deep,0.6276692465091473,2.653698242114
legglance-flick,leg,fast,forward,0.38893093782817356,35.23441495624036
legglance-flick,leg,fast,backward,0.5850526937026276,83.63905435192544
sweep,off,spin,backward,0.16352292056412066,18.357406734202396
legglance-flick,off,medium,deep,0.21233014348520218,87.78972476247297
pullshot,leg,fast,forward,0.26288470292482746,13.770622838804803
sweep,leg,fast,forward,0.7931719209870284,26.222733924001318
sweep,off,medium,backward,0.6658395825620818,14.100303526758884
sweep,leg,medium,deep,0.4283091653524761,69.9030034011212
drive,leg,fast,deep,0.38125719075847186,55.3767563172451
sweep,straight,spin,deep,0.3856110555105444,45.05816827449426
legglance-flick,leg,medium,backward,0.884550108141229,87.94337806685986
sweep,leg,spin,forward,0.28719935049887313,17.02831769554369
pullshot,leg,spin,deep,0.6499028275462296,34.6727905683792
legglance-flick,leg,fast,deep,0.26738217791542107,67.56111622641167
drive,straight,medium,backward,0.8464641799239242,27.584063088436427
sweep,leg,medium,deep,0.41912426950210857,95.63956660215153
drive,leg,fast,deep,0.477025151502225,15.33495649839126
sweep,leg,spin,deep,0.21591816174475909,45.60145225916477
legglance-flick,off,spin,backward,0.6351883007439593,25.778401139687624
sweep,leg,fast,backward,0.8747720190162414,47.50219369873524
sweep,off,fast,deep,0.8358633873284169,11.436576365722184
drive,off,fast,deep,0.17004715464346276,61.38675012165715
pullshot,straight,medium,backward,0.6647789343301158,85.96086718718277
sweep,off,fast,deep,0.11638959842877372,90.19341674597571
sweep,leg,spin,backward,0.8253036377563827,83.74023188114592
pullshot,off,medium,forward,0.6803871437800901,91.67860886842786
drive,leg,fast,deep,0.9722073577531624,60.581797396271334
pullshot,leg,fast,forward,0.05337045139115004,77.56890437747813
sweep,straight,medium,deep,0.3883737905440784,65.16416283312009
drive,leg,spin,backward,0.46439042309923717,72.62732673891915
legglance-flick,straight,medium,forward,0.5485530809102215,20.725325725471777
drive,leg,medium,deep,0.6036386943589362,27.56605211025941
pullshot,leg,fast,forward,0.8411178221316579,47.64958081600121
drive,leg,fast,forward,0.8508359939805362,84.14396703295213
pullshot,leg,fast,backward,0.408149914147365,61.95484463385915
pullshot,leg,spin,backward,0.9276068132497246,39.63735268024612
sweep,off,fast,backward,0.7894344444026271,33.01813410694812
sweep,off,fast,backward,0.2824265568436901,44.80280201181864
pullshot,off,spin,forward,0.9858391126356044,22.99995173972692
pullshot,off,fast,backward,0.7237269178994639,51.1091486964379
drive,straight,fast,deep,0.9630017982855715,82.02443934086239
legglance-flick,straight,fast,backward,0.6647155822065269,29.460990842021584
sweep,straight,spin,deep,0.8137388926586797,38.97059412645301
drive,off,fast,forward,0.18479071553549153,20.50530539949834
drive,off,medium,deep,0.06228821671294216,74.68201340861398
pullshot,leg,spin,forward,0.5241275069478395,16.23716487823884
pullshot,straight,medium,backward,0.6661179087827876,88.22702867464378
sweep,leg,fast,deep,0.9663805209791111,50.62495620523529
pullshot,leg,medium,deep,0.10167486906065182,50.912523827730794
legglance-flick,off,fast,forward,0.27238805064919513,82.37828984312824
legglance-flick,leg,medium,backward,0.2884782753271795,44.04618357166959
sweep,leg,spin,forward,0.3922956923171067,36.21622833688578
sweep,straight,fast,deep,0.5458728618740499,41.60172683684172
sweep,off,medium,deep,0.11776733519183635,84.99910875233088
sweep,off,spin,backward,0.49923579522851835,74.1484728193282
legglance-flick,leg,spin,deep,0.28385152141244185,54.770602664231696
sweep,straight,medium,deep,0.4136326583698813,41.48599669919021
drive,leg,spin,forward,0.9240168391331887,68.39818854767262
legglance-flick,leg,fast,forward,0.14988871199586606,62.36112559121298
drive,straight,fast,deep,0.14571594267699373,6.052772838196418
drive,leg,spin,forward,0.3758917260284317,11.800952302009405
sweep,leg,spin,deep,0.4692451959002425,60.414703370638115
legglance-flick,straight,spin,backward,0.44337787745228296,43.74327339344597
sweep,leg,fast,deep,0.6061947806901923,99.87847771860883
pullshot,straight,fast,forward,0.6502104720587908,41.25820054295356
drive,leg,spin,deep,0.8796507897815925,28.851846482208753
pullshot,off,fast,forward,0.208754338308337,3.5451869098666378
legglance-flick,leg,spin,backward,0.3116860303236648,35.19230751885915
sweep,leg,spin,deep,0.15183545842447677,69.77889806194779
pullshot,off,fast,backward,0.9647168627053242,57.031659021449165
sweep,leg,spin,deep,0.36686540796209044,10.283926038894652
drive,leg,spin,deep,0.8074222813089487,13.91754270799085
drive,leg,spin,deep,0.05926096430607797,98.88973910145842
sweep,straight,spin,deep,0.4549609061336862,94.87077733763219
legglance-flick,off,medium,deep,0.16182972814064234,69.66715922507035
drive,leg,medium,forward,0.9211784435599686,43.54283916993864
legglance-flick,leg,fast,deep,0.8629625538039486,63.880503074104745
drive,leg,spin,deep,0.748973027913231,4.1746931741242115
sweep,leg,spin,forward,0.8794747480620676,34.2697703500369
legglance-flick,straight,medium,deep,0.7805548075685131,15.26743697134092
drive,leg,medium,deep,0.8913706003760229,62.359001803916435
pullshot,off,fast,forward,0.07200134300151995,26.17034668922137
pullshot,off,spin,backward,0.7319553268701069,24.623404464231914
sweep,straight,fast,forward,0.2513375554717533,86.31782373497315
sweep,leg,fast,forward,0.7945970799863794,15.59952282992919
sweep,off,spin,forward,0.737493416395302,98.36300692741393
legglance-flick,off,medium,backward,0.4572350323679383,85.84581954428366
sweep,off,medium,forward,0.4130295360031694,15.444514271236221
pullshot,leg,medium,deep,0.504997125462098,25.094673324751803
drive,straight,spin,backward,0.3108991154672823,83.94322140199826
legglance-flick,straight,medium,deep,0.9493085343792093,91.76151152403772
drive,leg,medium,deep,0.5329952394066673,49.44572902004496
sweep,leg,spin,deep,0.9568220560760385,85.41322898479089
pullshot,leg,fast,deep,0.48573881439269884,57.59199013462227
legglance-flick,off,fast,forward,0.7172692462323088,88.08674223108646
drive,leg,fast,backward,0.1259890774053125,1.9527815494335798
legglance-flick,leg,medium,forward,0.37633920029563994,19.612198142232508
drive,off,medium,forward,0.33802190364082774,82.87687127149528
sweep,straight,spin,backward,0.6879744820451761,68.93734912607663
drive,straight,spin,forward,0.16712127149873734,24.510155872138018
legglance-flick,leg,fast,backward,0.6818857929309828,31.112864265143592
drive,leg,medium,deep,0.1579160338609915,35.22119990634876
drive,off,medium,backward,0.48863547332652635,46.98838379812411
pullshot,leg,medium,deep,0.4185775025420476,13.629737518370334
sweep,straight,spin,deep,0.8626038783650756,59.11377627530875
legglance-flick,straight,fast,backward,0.988411262226137,49.061980562133854
legglance-flick,straight,spin,forward,0.9000423306269635,8.783426193587074
sweep,off,spin,backward,0.5058132856560281,9.35991382015442
legglance-flick,off,spin,forward,0.8855206800461518,45.29194038765946
sweep,off,spin,backward,0.8065786860160049,33.44140750248697
drive,off,spin,deep,0.3749294774304436,29.80450749213165
legglance-flick,off,medium,forward,0.16879113609400154,10.619737912722504
sweep,straight,spin,backward,0.28403348358665426,68.08566614202213
drive,leg,fast,backward,0.17996171495035151,74.05643065214616
legglance-flick,leg,spin,deep,0.7510263635798988,15.919800591232281
sweep,off,spin,backward,0.4231872541438444,16.076644660323247
sweep,leg,fast,forward,0.9616171284596647,25.284692281963185
sweep,leg,fast,deep,0.7792763490552864,75.52472627437116
sweep,leg,fast,deep,0.49654523036309317,43.181338431462244
drive,straight,spin,forward,0.5301080995586088,79.46125624536145
sweep,off,medium,deep,0.14678325969946215,1.5940979202119898
sweep,leg,medium,forward,0.1227361706168707,64.55308268621415
sweep,straight,medium,forward,0.020873818474388295,85.15610497496708
sweep,leg,spin,deep,0.8835322065153446,51.01179364364403
drive,straight,medium,forward,0.9926174981208103,51.942386956689724
sweep,off,fast,backward,0.07675963182173617,82.22453636006625
drive,off,spin,forward,0.5841201008595936,48.82994765744784
legglance-flick,straight,spin,deep,0.41083214781679755,95.96664314998172
legglance-flick,straight,fast,forward,0.3248077108511731,87.23893005239276
drive,straight,medium,backward,0.5983815121869949,88.91020585307385
drive,straight,spin,deep,0.23090639666243729,18.65975438676426
legglance-flick,leg,spin,forward,0.7069463205248137,85.5508014676062
sweep,straight,medium,deep,0.9679312907798068,14.797107399825638
drive,leg,spin,deep,0.060847212173396614,33.59397209879516
drive,leg,medium,deep,0.45421045807678684,89.36447872083508
pullshot,leg,fast,deep,0.7090085527454828,2.2769151683904365
drive,leg,spin,forward,0.400259884365062,52.912233269682204
drive,straight,fast,deep,0.6086000752145819,55.70941776416757
pullshot,leg,fast,backward,0.17008470607177117,10.614348728244238
pullshot,leg,medium,backward,0.4871282747667067,61.51807521942091
sweep,leg,spin,forward,0.6674071459909633,24.6129283732181
drive,off,medium,forward,0.7441591951758232,69.61271428633171
legglance-flick,straight,medium,backward,0.3503704104962022,95.75884600047326
legglance-flick,leg,spin,deep,0.8357917074096111,89.4790587558767
drive,off,spin,backward,0.6719007791560189,46.28465039379389
pullshot,off,fast,backward,0.1324963301169061,40.893421083464354
legglance-flick,straight,spin,forward,0.5178325215981874,70.985529576416
legglance-flick,leg,medium,deep,0.7720626665042736,49.85500201105153
sweep,off,fast,backward,0.7742295179467572,76.47764658870122
legglance-flick,straight,spin,deep,0.5042543075159781,93.2160418624184
drive,off,spin,deep,0.7929815539197902,66.88555022836508
sweep,leg,medium,deep,0.07213488252194189,86.51437402610821
pullshot,off,medium,forward,0.7827045574721337,99.75074435343092
sweep,leg,spin,deep,0.2276724029373154,70.25644897451276
pullshot,straight,medium,forward,0.5131874722645342,0.5149180202429382
drive,straight,spin,forward,0.0583206950472519,71.89189960200764
drive,leg,medium,backward,0.8856974737386635,6.607825731309691
drive,leg,fast,forward,0.246404969965053,21.347047012678466
legglance-flick,off,spin,forward,0.4258874241572089,24.14605263185846
sweep,leg,fast,deep,0.3436348637267105,64.68465103424693
sweep,straight,fast,forward,0.0816601657460948,93.9214659229247
drive,straight,medium,backward,0.44340005421200823,42.73674938312324
sweep,off,fast,forward,0.014890904486426715,37.23303232455635
pullshot,straight,fast,forward,0.4236987072725843,40.05145761674799
drive,off,fast,forward,0.2583084779652691,99.99755456167934
sweep,leg,spin,backward,0.6903987532554802,22.428813692132465
sweep,off,fast,forward,0.798690616165573,51.67799431974519
drive,off,fast,backward,0.8056960073193815,88.01720977228288
sweep,leg,fast,deep,0.9297688403965552,38.15692347518929
sweep,leg,spin,backward,0.14398237836736316,87.09041478399062
sweep,off,spin,forward,0.16718395981292056,30.146377541333504
legglance-flick,straight,fast,backward,0.7539029155110517,33.87204173072009
drive,off,medium,backward,0.3264535306664218,14.478921318108052
sweep,straight,spin,backward,0.017966349815006888,8.416522973583207
pullshot,straight,spin,backward,0.11940024344200606,34.517599085207706
legglance-flick,off,medium,backward,0.6933118713517077,95.12295108615572
drive,straight,medium,backward,0.8035045013891213,7.707581003084996
drive,off,fast,deep,0.6439627700395119,7.264308179932066
sweep,leg,fast,deep,0.8560088177624718,59.7000189763246
sweep,straight,spin,forward,0.21648210779501287,26.451043018561204
drive,leg,medium,forward,0.18255577753317342,43.78904403511178
legglance-flick,leg,fast,deep,0.8073169397754034,13.309918657638864
drive,off,medium,backward,0.9994582413788754,71.2999370544555
sweep,off,fast,backward,0.40919820170729515,69.67440579763858
pullshot,off,medium,forward,0.22753994051808057,57.05734593556754
drive,off,medium,backward,0.8861084515583393,79.97922968473252
legglance-flick,leg,fast,backward,0.3597967667242091,83.0075723241413
legglance-flick,leg,spin,backward,0.809639237127205,56.81168380800388
pullshot,off,fast,backward,0.035388272483692584,21.8711107486243
pullshot,straight,medium,backward,0.04732762466132068,57.457650186686074
pullshot,straight,fast,forward,0.4302163739471261,51.07006011261282
pullshot,off,spin,forward,0.5277354728928507,23.36630740369332
sweep,off,spin,deep,0.37826103854084636,78.36835255925023
legglance-flick,straight,spin,backward,0.771188936119185,11.764125470245778
sweep,straight,spin,backward,0.1289685615041598,73.49804086092672
drive,leg,fast,backward,0.9434474930225641,54.23697453297087
sweep,off,spin,deep,0.5945107622272551,6.843684471826861
sweep,leg,spin,backward,0.6431355525303896,32.80293343361728
drive,off,fast,deep,0.8048168220243948,52.60388117715782
sweep,leg,fast,backward,0.6536598616099817,18.638462888118955
pullshot,straight,fast,deep,0.7597727561463353,61.53848629829653
pullshot,off,spin,backward,0.21968459354430403,55.34401245713193
drive,straight,spin,forward,0.7126903360646282,63.412894474046475
pullshot,off,medium,backward,0.8283316978802879,26.398014198318442
pullshot,straight,spin,forward,0.9795859449322359,85.38416741626509
pullshot,straight,medium,backward,0.7111158289482469,51.328728389215826
sweep,leg,medium,backward,0.8706422600038777,41.620211253593
pullshot,off,spin,deep,0.6380030655355253,34.09411205117716
drive,off,fast,forward,0.7818725094786709,61.17793358956458
pullshot,off,medium,deep,0.9713166516935265,97.2642610242239
sweep,straight,medium,deep,0.5976470782995776,68.61725590823308
legglance-flick,off,medium,backward,0.7616083089233651,65.80600260883332
legglance-flick,off,spin,deep,0.16334598321857052,30.36915936275506
legglance-flick,straight,spin,forward,0.8665643441952885,42.26880987045186
sweep,leg,fast,deep,0.9860288042348693,53.99127972921419
sweep,off,spin,deep,0.815793595675858,59.966245813353325
pullshot,off,medium,backward,0.2925093371178107,43.546706413105795
sweep,off,fast,backward,0.1466249017740029,41.02084276922413
sweep,leg,spin,deep,0.6463836127836488,45.85411461596246
pullshot,leg,fast,backward,0.39373967093544404,40.04981985473395
legglance-flick,off,fast,forward,0.4478432814653911,39.39849890490229
drive,leg,fast,forward,0.8724380728575593,29.868226515774055
sweep,off,spin,forward,0.6915846114965216,65.34733121503683
legglance-flick,leg,fast,forward,0.43486619727710196,3.7380853061498853
drive,straight,spin,deep,0.86627578075898,85.39104062504738
pullshot,leg,fast,backward,0.3227650671552882,78.71538137192937
sweep,leg,medium,forward,0.4088765516957683,68.44214818103809
drive,off,fast,forward,0.728909288780406,70.56137338040068
legglance-flick,off,medium,deep,0.7937560517309162,15.443872538700965
legglance-flick,leg,spin,forward,0.8270801695597401,90.26978791928222
drive,straight,medium,backward,0.9548293149657116,51.77755287743363
sweep,leg,medium,forward,0.28080981850760867,8.989825581408828
pullshot,off,fast,deep,0.6338450347134648,48.97984920882802
pullshot,leg,fast,deep,0.39451876905086347,22.092266590388743
legglance-flick,leg,medium,forward,0.38007795427015434,74.57268642801651
pullshot,leg,spin,forward,0.4716801125964355,67.11515321606262
drive,off,fast,deep,0.3403048999205641,55.828538319048214
pullshot,off,medium,deep,0.8399110098375828,28.746891413322217
pullshot,off,medium,backward,0.3473972762047276,25.550140344873963
sweep,straight,fast,deep,0.7743816096667522,8.372253079874692
legglance-flick,leg,medium,forward,0.9146876613577595,43.811241076341865
pullshot,leg,spin,deep,0.28544056552800656,60.80740219965198
pullshot,leg,spin,forward,0.41292268842037394,83.08306025184987
sweep,straight,fast,deep,0.6379667367250099,33.36086294714248
drive,straight,fast,deep,0.7819155736013972,74.81237744052937
legglance-flick,off,spin,forward,0.5656238544383421,61.4092516284393
legglance-flick,leg,medium,deep,0.7914928291307342,37.84428669551011
legglance-flick,straight,fast,forward,0.7145686050886157,0.1974161631582816
pullshot,off,medium,deep,0.37489440547305786,75.93188649846977
drive,off,spin,deep,0.5505098802606365,11.932261634741813
drive,off,fast,deep,0.9693550408839848,62.709967502487885
legglance-flick,leg,medium,deep,0.7419927288527738,34.895362930742415
drive,off,spin,forward,0.04255719098413557,23.4690932914405
drive,straight,spin,backward,0.9283514445438908,91.06355762886439
drive,leg,spin,backward,0.6959803131500387,81.48992378547717
sweep,off,fast,forward,0.7270096415459264,90.30061187718088
drive,leg,spin,deep,0.2519157995955946,61.33948868273453
drive,off,spin,backward,0.41783900102064275,93.92139020983707
legglance-flick,straight,spin,backward,0.09906906971206542,22.305703357824093
sweep,leg,medium,backward,0.8401493991938457,26.97016893342674
sweep,leg,fast,deep,0.36326628792491833,62.5742775904126
pullshot,leg,spin,backward,0.15928228661760457,44.36670277269812
sweep,leg,spin,forward,0.8617826035390262,45.76990072829664
pullshot,straight,spin,forward,0.724511428395298,81.1777717704309
sweep,leg,fast,backward,0.46942305833062936,76.94923890529847
drive,straight,medium,backward,0.42755465584272045,64.52609639197671
sweep,straight,medium,forward,0.5702850122873447,85.4701858667765
legglance-flick,off,spin,backward,0.5638835381622045,87.91397442879631
pullshot,off,spin,backward,0.8313047714262013,97.59529141614078
pullshot,leg,fast,forward,0.7721412098030097,79.33516836399845
sweep,off,spin,deep,0.7082394509989829,44.133206869796915
sweep,off,medium,backward,0.851708018856824,37.30344378260922
legglance-flick,off,medium,backward,0.0634564422257804,0.8560755563447597
drive,off,fast,backward,0.3619345527301898,79.5601640388385
drive,straight,medium,forward,0.03778715666216892,4.868345966964505
drive,off,spin,backward,0.5775552273096658,97.81128070268387
legglance-flick,off,spin,deep,0.9498191988809945,77.70507328879556
drive,straight,medium,backward,0.4365048275778115,62.98409098607439
pullshot,straight,fast,backward,0.7974884996167199,53.08267561336684
legglance-flick,straight,medium,forward,0.849628794660134,94.8198238918804
pullshot,off,spin,deep,0.21275811504666986,46.392453719709614
legglance-flick,straight,spin,backward,0.5202009810713718,22.75881986820988
drive,straight,fast,backward,0.2649761277961411,25.252709039914777
pullshot,leg,fast,backward,0.04204641556412725,93.85556057302445
drive,straight,spin,deep,0.3256673335089495,47.864131075113406
drive,leg,medium,forward,0.17653274852194156,34.536211159813554
drive,off,fast,forward,0.126948123860942,10.097188875759478
legglance-flick,leg,fast,deep,0.6819141867613193,90.62856392502897
pullshot,off,fast,backward,0.9648795265046408,92.82273465212855
pullshot,leg,fast,backward,0.21222050669636738,43.6292407384281
sweep,leg,spin,deep,0.17270919612622082,52.139226252480675
sweep,straight,spin,deep,0.8669833374105151,67.5445753381375
sweep,leg,fast,deep,0.08506243576015649,15.99772539415001
drive,off,medium,backward,0.2657479917648141,18.304676097533303
drive,off,fast,backward,0.4631535633488427,95.76714745753493
legglance-flick,straight,fast,deep,0.6830086321282917,67.50562222299557
pullshot,leg,fast,deep,0.7736819448822592,63.720773713137426
drive,leg,fast,forward,0.3018677444640412,80.27689684153384
sweep,off,spin,backward,0.5022528211054844,44.34919201058393
legglance-flick,straight,fast,forward,0.2689125938213782,63.03734283205539
drive,leg,medium,backward,0.5643534167351266,60.67228446261963
drive,off,fast,deep,0.5479569182762284,88.61494804593917
legglance-flick,leg,spin,forward,0.4030271068842203,32.02036402127136
drive,straight,spin,backward,0.5603328118468571,68.73659019423872
sweep,straight,spin,deep,0.3782093399812685,61.808093897372096
pullshot,leg,spin,deep,0.8152287171709257,57.62096832809183
sweep,straight,fast,backward,0.8103551833294823,29.18444384648732
drive,straight,spin,deep,0.7553292760891315,40.1300063461843
drive,leg,fast,deep,0.6980209611529832,8.657913205796175
pullshot,leg,medium,backward,0.015707216826978954,37.767983954792264
sweep,off,spin,deep,0.39045173828453705,89.58978388573769
sweep,leg,medium,deep,0.19614710370642974,24.110298598591694
drive,straight,fast,deep,0.0029608540236900627,22.831969251880157
pullshot,straight,spin,deep,0.24917938207187373,48.64718532862643
pullshot,leg,fast,deep,0.9158059923913017,9.093284391408341
pullshot,straight,fast,deep,0.5255342787517343,98.89531254918208
legglance-flick,straight,spin,deep,0.07156289449376119,98.32317514648472
pullshot,straight,medium,forward,0.06864955004099715,86.94917248924311
pullshot,off,fast,backward,0.6483305247696951,18.347405433764695
sweep,off,medium,deep,0.5828097861305266,10.401992448284913
legglance-flick,straight,spin,forward,0.9414519486670783,31.848612931545027
pullshot,straight,fast,deep,0.018756527699770875,9.54955314945245
drive,leg,spin,deep,0.7594793749311541,56.722593125921414
legglance-flick,leg,fast,deep,0.8952192802970763,19.67617272397536
sweep,straight,fast,backward,0.4543615696962915,58.928085220727
sweep,leg,medium,backward,0.6824763553167221,38.410696676781576
drive,off,medium,forward,0.15461676406874392,72.74203808235444
drive,leg,spin,forward,0.9996485086523439,66.80252272769137
sweep,leg,fast,backward,0.8295953308604667,0.6936477455700141
pullshot,off,spin,deep,0.5400994670690771,88.40765689176453
drive,leg,spin,backward,0.4067979733129241,92.54270878987482
drive,straight,medium,forward,0.8725959349297084,36.97873634385297
sweep,straight,medium,deep,0.937699935948361,89.04042535246376
pullshot,leg,spin,deep,0.5787366332850947,24.34048668402887
pullshot,straight,spin,backward,0.48289938760808604,98.0856725351865
drive,straight,fast,forward,0.9321318786013958,47.444378390600114
drive,leg,medium,backward,0.48744589761902346,47.76114483977971
drive,off,medium,forward,0.11566423640971768,48.73372896405526
drive,straight,spin,deep,0.6697259248919935,99.63824442251604
pullshot,straight,fast,deep,0.6320499415040719,48.04797398703846
sweep,leg,medium,backward,0.3709494681147081,40.79760039314707
legglance-flick,straight,spin,backward,0.23895161516778562,77.61930399601317
pullshot,off,fast,deep,0.6778768369069743,27.18021726716048
legglance-flick,off,fast,deep,0.39027032614606205,71.02393606315285
sweep,off,medium,backward,0.8265297311498245,59.20142018596185
pullshot,leg,medium,backward,0.16985525611894836,33.561085372678356
legglance-flick,straight,fast,backward,0.03918593912934232,64.5164016006427
legglance-flick,straight,medium,forward,0.1451949334708108,65.67212574361288
pullshot,leg,medium,deep,0.4571693141685341,36.027829915270516
sweep,leg,fast,deep,0.8979913069163499,98.88891013363012
drive,off,medium,forward,0.12251156219744852,37.543403153420996
drive,straight,spin,forward,0.7374647944092935,95.28455260363626
pullshot,leg,spin,backward,0.5942926837891839,35.05612547359368
drive,straight,medium,forward,0.8048611576690118,45.166116210139286
pullshot,straight,spin,deep,0.8850900322909895,31.815966974839682
drive,leg,spin,backward,0.8316815011608074,61.6437748796439
drive,leg,medium,forward,0.22950616408798874,68.56831621766766
pullshot,straight,spin,backward,0.7452434653923329,42.355289882177885
legglance-flick,leg,medium,deep,0.5779846103959315,29.620077155318924
drive,leg,spin,backward,0.8621196261265083,67.05780862462557
sweep,leg,spin,deep,0.19543841358904068,32.24949503408605
sweep,leg,spin,deep,0.9461487857487784,41.68486763132856
pullshot,leg,spin,deep,0.06066849833167576,9.239750439260186
legglance-flick,leg,medium,backward,0.5111766338906406,68.3331463377873
legglance-flick,straight,medium,deep,0.15380313580787197,29.10773604248692
legglance-flick,off,spin,forward,0.5658840936298912,6.771390370842778
sweep,straight,medium,deep,0.32276476130811327,40.8044492931386
sweep,straight,fast,backward,0.9834088502710451,67.79854622795128
drive,off,fast,deep,0.16260084619237802,34.04038746256458
drive,off,fast,backward,0.20681103768264153,76.87313044686141
legglance-flick,leg,spin,deep,0.4712174675662789,57.304479086534585
pullshot,straight,spin,backward,0.6033973702923399,62.49419554974234
drive,leg,medium,forward,0.23932565160618402,98.69848832585691
legglance-flick,straight,fast,forward,0.39516539575605114,36.40693417746471
drive,off,fast,forward,0.5170891279005334,80.55349933184306
drive,off,fast,backward,0.8311712149305779,89.03028222897164
pullshot,off,medium,backward,0.4515151141149615,86.39386297044175
pullshot,off,fast,deep,0.054491852372019145,54.70005737207217
legglance-flick,straight,spin,forward,0.2622675850668694,10.159614857369403
sweep,straight,spin,forward,0.2929954595035469,6.221256752055959
legglance-flick,off,fast,forward,0.3264074565342755,33.45341932248252
legglance-flick,off,medium,forward,0.42266289089570863,52.248219879445465
pullshot,leg,medium,deep,0.5780936889575186,35.46737919186804
drive,off,fast,forward,0.15706026942205742,10.079802024324703
drive,off,medium,deep,0.413748023653812,61.471415355279916
pullshot,off,medium,forward,0.16232049757907596,86.96399817214477
pullshot,straight,fast,forward,0.9464664933581907,47.14553897250969
pullshot,off,fast,backward,0.354632829930704,84.74980890105122
drive,straight,medium,deep,0.7901348773694091,67.60767844146417
sweep,leg,fast,deep,0.985787801094227,25.824686949130214
sweep,leg,fast,deep,0.14144300187206293,12.084850032249639
legglance-flick,straight,fast,forward,0.8446373851632484,37.83677856166313
drive,off,fast,forward,0.07704022102032693,85.12310127208814
sweep,straight,spin,deep,0.4271458265210256,86.2613165449419
drive,leg,medium,forward,0.8898545865688869,81.31347865338084
sweep,straight,medium,forward,0.17387374240274,67.95290326754838
drive,leg,fast,deep,0.5334466834515806,65.53946846502713
sweep,leg,medium,backward,0.25101851789987795,63.17626272149055
drive,straight,fast,forward,0.7864832581671444,61.27393139509495
drive,leg,fast,backward,0.43390561636285685,88.55311287093278
sweep,leg,medium,deep,0.3517229393259219,3.2893294307002163
sweep,leg,fast,forward,0.3364276245721801,46.7249381813312
drive,straight,spin,backward,0.9723746641518453,53.866910642331256
sweep,leg,medium,forward,0.8809926545158774,44.38318200688155
legglance-flick,off,medium,forward,0.6213145544830737,96.56770566619335
sweep,off,fast,forward,0.5680973683054995,44.33512294718778
sweep,off,fast,backward,0.010592600147473319,72.89973791607989
sweep,leg,spin,forward,0.3348588953772438,60.91200681699841
pullshot,straight,spin,backward,0.9992210397373424,65.44459359721876
pullshot,leg,spin,deep,0.9067141502214062,95.58610763639967
legglance-flick,off,fast,deep,0.5359977847921513,24.57731281644412
drive,leg,medium,backward,0.7070238088488386,95.5849133524353
pullshot,off,medium,backward,0.1497209498950144,9.500323508027208
drive,leg,medium,backward,0.3156951726543673,15.85413035396962
legglance-flick,straight,spin,deep,0.47682490942114064,85.94288506843394
pullshot,off,fast,backward,0.6509017211241507,69.74846784490813
sweep,leg,medium,forward,0.17363742281602823,93.38457122934739
drive,straight,fast,deep,0.8795114638775507,33.82718662313997
legglance-flick,off,spin,forward,0.1301222955854645,46.8579921856093
legglance-flick,leg,fast,backward,0.3584545056003735,61.0090597566763
legglance-flick,straight,spin,deep,0.1652569921881365,64.1326414261746
drive,off,spin,forward,0.302251387516994,4.024286832721769
pullshot,off,fast,forward,0.6035916579829419,97.01449647880655
drive,straight,medium,backward,0.09575377611649116,10.280944310404827
pullshot,straight,fast,deep,0.608273866031232,8.717006953332984
drive,off,medium,backward,0.9594618504937665,90.54898633043084
drive,leg,medium,backward,0.05277985323806489,99.14418423350891
drive,leg,medium,forward,0.20891420895183865,3.3692976413178366
drive,straight,spin,deep,0.43516647850417567,71.34545342019541
legglance-flick,leg,fast,deep,0.7344011687525592,61.42433910809163
legglance-flick,off,medium,deep,0.4216631879702629,95.61334884923134
sweep,off,spin,forward,0.2195381057697292,81.58758168724056
pullshot,leg,fast,deep,0.09613040957127594,16.856814539685605
legglance-flick,off,spin,forward,0.18020060433665142,51.57941484130909
drive,leg,spin,forward,0.45905328169708226,40.668976737510754
drive,straight,medium,deep,0.9156384849574906,87.80834298380316
sweep,straight,spin,forward,0.33781202178608394,19.96379046564768
sweep,straight,medium,deep,0.03137287193355465,15.720381804392048
legglance-flick,off,fast,deep,0.9869487804798869,85.19905402606379
sweep,leg,medium,deep,0.9099695625398694,85.42959389988837
sweep,straight,medium,deep,0.8998505759919275,21.40803933851868
pullshot,leg,spin,forward,0.9023995684609343,1.8818413595788064
drive,leg,spin,forward,0.4585577216519259,73.51989922133869
pullshot,straight,medium,backward,0.3035221189623247,53.344467067727955
legglance-flick,straight,spin,forward,0.977528389247014,94.38496130824197
drive,leg,fast,forward,0.5022635421299102,18.673250459642578
pullshot,off,spin,backward,0.43943185230391024,93.67114870920594
sweep,straight,fast,forward,0.5435005597590538,13.539655525436311
drive,off,fast,backward,0.7866301863442864,27.634235060612877
drive,off,medium,deep,0.32744042863595124,18.8593777931889
legglance-flick,straight,medium,forward,0.17835321496819145,43.874007564451155
drive,straight,medium,deep,0.3929012176825416,76.88917088091944
drive,leg,medium,deep,0.45837643139437223,82.1139307691929
legglance-flick,straight,fast,deep,0.9581900878246798,26.712287938966327
pullshot,straight,medium,deep,0.06857623857061146,46.13853712455648
drive,straight,spin,forward,0.42373163866145724,58.76704318378555
drive,off,medium,backward,0.7462284624727672,17.37099909544989
legglance-flick,leg,fast,deep,0.2597178902379278,64.24749623120665
drive,straight,spin,deep,0.6025071124702166,70.84725378672665
drive,straight,spin,backward,0.14624201919400237,92.66368203065281
legglance-flick,straight,spin,backward,0.9558870143729229,31.276985579137463
sweep,leg,medium,deep,0.0980289584921954,42.931018907941244
sweep,off,spin,backward,0.3698896276616527,41.422638951512056
pullshot,off,medium,forward,0.06690010730102214,17.493230433514217
sweep,straight,medium,backward,0.749525195402702,44.846548183869814
sweep,straight,medium,deep,0.6869123118921541,6.272368085873969
drive,off,fast,forward,0.7594969332363463,18.18983719262096
pullshot,off,spin,forward,0.3925676552959555,46.87774585185305
legglance-flick,leg,fast,deep,0.9777304422184896,30.503380607299835
legglance-flick,off,spin,backward,0.9009139852346264,88.32975565595704
legglance-flick,off,spin,deep,0.21172537483198184,49.01285597168689
drive,leg,fast,backward,0.30792089858195937,25.276080513782308
drive,off,spin,forward,0.8368394507634281,95.79125255473478
pullshot,leg,fast,forward,0.41068755951697167,51.23024192863321
sweep,off,spin,forward,0.05767271626193371,51.240276082774216
legglance-flick,off,fast,deep,0.8612151116406989,83.13681550270684
legglance-flick,leg,fast,forward,0.4080166611264098,14.158873018300987
drive,leg,spin,deep,0.7650840733078383,79.92352026309975
sweep,off,spin,deep,0.2485753992573837,69.8349150775272
legglance-flick,straight,fast,forward,0.6058446862986592,87.01643199380042
drive,leg,medium,forward,0.32310625464988196,67.73972454239964
drive,off,medium,forward,0.8334819990986204,44.13085506531197
legglance-flick,straight,spin,backward,0.6335262514050813,86.66242850759535
legglance-flick,off,fast,backward,0.8625400295200694,1.177929803495792
pullshot,straight,spin,forward,0.3301489416525044,60.23656523451826
legglance-flick,leg,spin,backward,0.5401299040347831,51.08728158188448
sweep,straight,spin,backward,0.34722959903405115,83.24612277287487
sweep,off,spin,backward,0.3216626161667162,78.86192327328115
sweep,leg,medium,deep,0.13793257495167133,98.78277026693135
legglance-flick,off,fast,forward,0.1787056358337139,6.328842142787949
drive,straight,fast,forward,0.9558347730031623,70.94243606172539
sweep,leg,fast,deep,0.08943736964896154,48.78348284833631
sweep,off,medium,forward,0.1838323130620736,31.5913970422788
sweep,straight,medium,deep,0.14537926604964857,97.68704785778704
drive,off,spin,backward,0.7070505254737584,1.356301807171989
drive,straight,medium,deep,0.8969957693671847,22.182955305383345
drive,off,spin,deep,0.3347699871061838,0.9354735161761552
legglance-flick,straight,medium,forward,0.973176790462104,12.710905250301918
sweep,straight,fast,deep,0.9620095565564931,56.42914238274975
sweep,off,fast,forward,0.37889363930791786,37.542218070025434
drive,off,medium,backward,0.7102266810469272,84.18415099549455
pullshot,off,medium,backward,0.18589026743279136,4.977072117317183
pullshot,straight,fast,forward,0.9580729795891649,26.600578302369414
legglance-flick,leg,fast,forward,0.07940139038565508,99.67748281604739
legglance-flick,off,medium,deep,0.7555915426749144,23.18212993511346
legglance-flick,off,spin,forward,0.6777917301324445,55.89009853554272
pullshot,off,spin,backward,0.8724560909427347,42.50582300142954
pullshot,straight,fast,deep,0.580649014939256,54.52269692084683
sweep,leg,fast,backward,0.5172038259313269,89.72551091913562
sweep,straight,fast,forward,0.6049090580480482,60.96208133284904
sweep,straight,spin,backward,0.9199133423004937,75.32311974930558
drive,straight,spin,backward,0.17669532754996342,26.52273210408117
sweep,straight,fast,forward,0.021011057109394216,70.1328645988093
legglance-flick,off,spin,deep,0.26303291486842384,93.52604858634307
pullshot,straight,spin,forward,0.7986218938729153,47.20770858592945
legglance-flick,leg,medium,deep,0.18362916041302413,21.318513454858177
sweep,straight,fast,forward,0.6658270184401974,83.21809640137992
drive,straight,spin,backward,0.1698257914097998,4.382677750315245
pullshot,off,spin,backward,0.5773040986282022,56.17026126049831
sweep,leg,medium,forward,0.07145259170704021,99.05036462984292
legglance-flick,off,spin,backward,0.8897004468195676,96.81091778355102
sweep,straight,fast,deep,0.4845413777547607,12.974997453784454
pullshot,off,spin,deep,0.46745072727146064,33.32829972353595
drive,leg,fast,forward,0.5718127797464179,5.523378961798908
sweep,off,spin,backward,0.2639707946374842,65.78476218094058
sweep,leg,spin,deep,0.72331074915781,19.96860222422243
drive,leg,fast,forward,0.6803848505355786,69.00496742282863
sweep,leg,medium,forward,0.6224348184134587,22.359585353195254
drive,straight,fast,deep,0.6839359220863822,8.449116926749067
drive,straight,medium,forward,0.7232601266934987,65.1874988965641
drive,straight,spin,deep,0.9062377094128332,76.63142394290556
sweep,leg,fast,deep,0.2210391754717962,42.64430487001507
sweep,straight,fast,deep,0.6841869410425153,20.531175334582073
legglance-flick,off,spin,deep,0.24108358560445964,22.766189783269798
pullshot,straight,fast,forward,0.21482261933121516,65.62537682056289
pullshot,off,fast,forward,0.7815708275008767,85.19080011349807
legglance-flick,leg,fast,forward,0.6184544609012325,75.42719364723135
sweep,straight,medium,forward,0.10496838353271387,78.20569041420717
legglance-flick,straight,medium,forward,0.39130104000374755,21.073519037524978
sweep,straight,spin,forward,0.7266029014737397,30.434685754907854
sweep,leg,spin,forward,0.4737661963217167,69.78763502355396
legglance-flick,straight,spin,backward,0.6372819513317595,30.422488346313003
sweep,leg,medium,forward,0.03932925255859043,49.85916935248108
pullshot,off,spin,forward,0.024227096346435828,2.6210991142869178
pullshot,leg,medium,deep,0.31859967796952515,85.61345711922876
sweep,off,spin,deep,0.3180444544190342,41.68976436755389
pullshot,straight,medium,backward,0.037122249380096006,29.277358539851317
drive,leg,fast,forward,0.6872215225781859,53.038049069084856
drive,straight,fast,forward,0.09541445874959897,69.56492665576818
legglance-flick,off,spin,backward,0.5959416267734458,97.15468430568166
legglance-flick,leg,fast,deep,0.9250865746471277,84.30290278202189
drive,leg,medium,backward,0.054387057814101025,27.86278228537501
legglance-flick,off,fast,forward,0.8786157779290479,18.303375387305053
legglance-flick,leg,spin,forward,0.6070285334044156,8.181662276697955
legglance-flick,straight,spin,deep,0.05109823548191661,73.4127456607839
drive,leg,medium,deep,0.08895979888129435,96.22215406728812
legglance-flick,leg,spin,backward,0.568468828023507,59.77379073529756
legglance-flick,leg,medium,backward,0.7082271198093012,86.4844788594344
drive,straight,spin,forward,0.08464065979378976,65.60834803154327
legglance-flick,leg,fast,forward,0.20340250010886518,18.40103827346986
drive,straight,medium,forward,0.2577934937912143,8.623926377629243
drive,leg,fast,backward,0.11473687749515549,65.71611161250318
sweep,straight,fast,backward,0.49718796562485135,60.344853374901945
legglance-flick,straight,spin,forward,0.2831626799062116,51.07863205705188
pullshot,straight,spin,forward,0.9798035097239767,42.36236850247715
sweep,leg,medium,backward,0.829574398056287,19.154619722269338
sweep,leg,medium,deep,0.9574510859548769,80.09713047521474
drive,straight,medium,forward,0.3234021476067881,48.55983593464301
pullshot,off,fast,backward,0.11965820035271202,76.2981338908594
sweep,leg,medium,forward,0.13531419350309393,10.165649460482184
drive,straight,medium,deep,0.965649395019556,40.904463612509254
sweep,off,spin,forward,0.897816169510546,54.9997081607052
pullshot,off,medium,forward,0.635794980263387,50.350694452688536
sweep,off,fast,deep,0.7477139170505988,4.726082665369413
legglance-flick,leg,fast,deep,0.32794175954689586,1.6726225509004933
legglance-flick,off,fast,backward,0.201601788448052,40.10272164087725
drive,leg,spin,forward,0.7162179305695436,3.1374300187609783
legglance-flick,leg,fast,forward,0.3423793048488428,66.34177841814859
pullshot,straight,spin,backward,0.534657946225973,41.00627133609759
legglance-flick,leg,fast,backward,0.7219775724710122,6.01120716395368
pullshot,straight,fast,backward,0.28869884790052236,12.68691932717041
legglance-flick,off,fast,deep,0.7655319786494512,73.64133855981824
sweep,straight,medium,deep,0.9113303948206869,18.130376524848636
legglance-flick,off,spin,forward,0.5969589334693813,60.108853394993304
legglance-flick,off,medium,backward,0.6383912274067177,73.02994632887535
drive,leg,spin,deep,0.8974289254742834,97.51859653300066
legglance-flick,straight,fast,backward,0.9648607439314584,87.7053940497594
sweep,off,spin,forward,0.6625462944373325,24.318357071512363
drive,straight,medium,deep,0.23004659861524368,79.33965166445151
legglance-flick,straight,spin,deep,0.5790874163145118,67.77345961165813
sweep,off,spin,backward,0.16639004062917317,93.66061957116865
